{
  "project_info": {
    "project_number": "33554659422",
    "project_id": "surokkha-f60a2",
    "storage_bucket": "surokkha-f60a2.firebasestorage.app"
  },
  "client": [
    {
      "client_info": {
        "mobilesdk_app_id": "1:33554659422:android:bae7adcfbd1390394e5ccf",
        "android_client_info": {
          "package_name": "com.surokkhanet.child"
        }
      },
      "oauth_client": [],
      "api_key": [
        {
          "current_key": "AIzaSyADPdIUpQCXV7uAuDQi1sfq6ZhZ9rh3yFo"
        }
      ],
      "services": {
        "appinvite_service": {
          "other_platform_oauth_client": []
        }
      }
    }
  ],
  "configuration_version": "1"
}